{"cons":{"miu":398600.4418,"g0":9.80665,"elm_tol":[100,0.001,0.1,1,1]},"problem":{"Name":"CASE745","orb_i":[34700,0,35,335,30],"orb_f":[21900,0.35000000000000003,35,220,60],"Tmax":3.3,"Isp":1300,"m0":970},"settings":{"NP":3,"NR":5,"simStep":50,"alg":"REDA","covThreshold":0.001,"beta1":0.2,"beta2":0.7,"kernelDensity":0.342,"dispersionThreshold":0.3332,"smartClusterDetectionParam":0.06825,"timeUnit":"days"},"status":"complete"}
