{"cons":{"miu":398600.4418,"g0":9.80665,"elm_tol":[100,0.001,0.1,1,1]},"problem":{"Name":"CASE56","orb_i":[27900,0.55,60,280,255],"orb_f":[32100,0.30000000000000004,85,30,325],"Tmax":6.5,"Isp":5200,"m0":660},"settings":{"NP":3,"NR":5,"simStep":50,"alg":"REDA","covThreshold":0.001,"beta1":0.2,"beta2":0.7,"kernelDensity":0.481,"dispersionThreshold":0.78456,"smartClusterDetectionParam":0.029304,"timeUnit":"m"},"status":"complete"}
