{"cons":{"miu":398600.4418,"g0":9.80665,"elm_tol":[100,0.001,0.1,1,1]},"problem":{"Name":"CASE776","orb_i":[23700,0.35000000000000003,15,220,200],"orb_f":[29000,0.05,85,200,90],"Tmax":3.5,"Isp":2600,"m0":920},"settings":{"NP":3,"NR":5,"simStep":50,"alg":"REDA","covThreshold":0.001,"beta1":0.2,"beta2":0.7,"kernelDensity":0.392,"dispersionThreshold":0.37134,"smartClusterDetectionParam":0.048021,"timeUnit":"h"},"status":"complete"}
