{"cons":{"miu":398600.4418,"g0":9.80665,"elm_tol":[100,0.001,0.1,1,1]},"problem":{"Name":"CASE375","orb_i":[16300,0,70,110,120],"orb_f":[21600,0.35000000000000003,5,145,45],"Tmax":12.3,"Isp":3300,"m0":650},"settings":{"NP":3,"NR":5,"simStep":50,"alg":"REDA","covThreshold":0.001,"beta1":0.2,"beta2":0.7,"kernelDensity":0.305,"dispersionThreshold":0.70781,"smartClusterDetectionParam":0.033867,"timeUnit":"h"},"status":"complete"}
