{"cons":{"miu":398600.4418,"g0":9.80665,"elm_tol":[100,0.001,0.1,1,1]},"problem":{"Name":"CASE275","orb_i":[33000,0.70000000000000007,60,175,80],"orb_f":[21300,0.1,75,285,285],"Tmax":3.3,"Isp":1300,"m0":900},"settings":{"NP":3,"NR":5,"simStep":50,"alg":"MFLTOA","covThreshold":0.001,"beta1":0.2,"beta2":0.7,"kernelDensity":0.606,"dispersionThreshold":0.83092,"smartClusterDetectionParam":0.072672,"timeUnit":"days"},"status":"complete"}
