{"cons":{"miu":398600.4418,"g0":9.80665,"elm_tol":[100,0.001,0.1,1,1]},"problem":{"Name":"CASE441","orb_i":[14000,0.35000000000000003,40,70,225],"orb_f":[16900,0.55,30,85,40],"Tmax":4.5,"Isp":2300,"m0":620},"settings":{"NP":3,"NR":5,"simStep":50,"alg":"REDA","covThreshold":0.001,"beta1":0.2,"beta2":0.7,"kernelDensity":0.635,"dispersionThreshold":0.63525,"smartClusterDetectionParam":0.03052,"timeUnit":"m"},"status":"complete"}
