{"cons":{"miu":398600.4418,"g0":9.80665,"elm_tol":[100,0.001,0.1,1,1]},"problem":{"Name":"CASE1","orb_i":[36700,0.35000000000000003,65,85,130],"orb_f":[37800,0.75,75,130,235],"Tmax":5,"Isp":4900,"m0":740},"settings":{"NP":3,"NR":5,"simStep":50,"alg":"AEDA","covThreshold":0.001,"beta1":0.2,"beta2":0.7,"kernelDensity":0.848,"dispersionThreshold":0.61246,"smartClusterDetectionParam":0.025001,"timeUnit":"h"},"status":"complete"}
